"BirdID","animal","Juv","Young","Old"
1861,1861,NA,-1.72058425638818,NA
1534,1534,NA,0.687330966616965,NA
1517,1517,NA,0.0119072507665887,NA
1511,1511,0.134235398692537,NA,NA
1509,1509,-0.514087554157969,0.293587676019726,0.0689516204993297
1503,1503,0.66114425329916,-0.227140119722272,1.33288916329667
1501,1501,-0.0948077604462458,NA,0.677148066925564
1492,1492,0.010139829860929,NA,NA
1485,1485,NA,0.542782413470764,0.231823535268905
1437,1437,1.21811452964213,NA,0.309452959013134
1432,1432,0.77531650694273,NA,NA
1430,1430,NA,-0.978116256266132,NA
1415,1415,NA,0.435263033466107,-0.626220179099108
1405,1405,0.258570135773217,NA,NA
1404,1404,NA,-0.687170796228028,NA
1403,1403,NA,0.964378360047938,NA
1401,1401,NA,0.917018371195333,2.74647941451389
1395,1395,NA,0.522384445006294,NA
1394,1394,-0.9031328341537,-0.326437767886702,-0.428374867177733
1392,1392,NA,-0.894135809074307,NA
1391,1391,NA,-0.78942962241892,NA
1386,1386,NA,-0.161105835230485,NA
1383,1383,NA,-0.470249390250649,NA
1382,1382,NA,0.603887148084278,NA
1381,1381,NA,0.299906833316156,NA
1380,1380,NA,0.21335867838626,NA
1371,1371,-0.210413431114665,NA,NA
1370,1370,NA,0.518944793693887,NA
1369,1369,NA,1.27756471872292,-0.315228762305262
1368,1368,NA,-0.487799174539486,NA
1362,1362,NA,0.838851488865652,NA
1360,1360,NA,0.983241833444712,NA
1358,1358,0.92070621110803,NA,NA
1357,1357,NA,0.864298772840746,NA
1356,1356,NA,1.69380672885076,0.39094534986289
1355,1355,1.13894135604042,NA,-0.10260747408889
1347,1347,NA,0.407988371861435,NA
1346,1346,-0.839941764329609,NA,-0.761389641779616
1345,1345,NA,-0.665619192618225,NA
1306,1306,-0.68949079573227,NA,NA
1305,1305,-1.11892315944507,NA,-0.322612146411906
1304,1304,0.947927293287078,1.30621961437431,NA
1303,1303,NA,-1.60242737629926,NA
1302,1302,-2.04512733699814,NA,NA
1301,1301,NA,-0.87309318790521,NA
1300,1300,-1.41703330556456,NA,NA
1299,1299,NA,-1.05977366947602,NA
1296,1296,-3.21120283817,NA,NA
1292,1292,-0.372799496175267,NA,NA
1287,1287,NA,1.37531195877195,0.711782024734362
1286,1286,-0.068883239281929,NA,NA
1285,1285,NA,-0.155438867833597,NA
1279,1279,NA,0.228521737345654,NA
1276,1276,NA,-0.39017207768242,0.308800261438893
1274,1274,NA,0.659382361898926,NA
1273,1273,NA,-0.334920626285827,NA
1272,1272,NA,0.0405834870952404,NA
1271,1271,NA,0.966359233904567,NA
1269,1269,NA,-1.34221508229147,NA
1247,1247,NA,-0.0895937829570741,NA
1246,1246,NA,0.00281148147424304,NA
1244,1244,0.593789674500661,NA,0.465316236079897
1243,1243,-0.0519463752031157,NA,NA
1242,1242,1.09630698329635,NA,NA
1240,1240,-0.803557519606759,NA,NA
1235,1235,NA,1.09347820107297,NA
1234,1234,NA,0.541625625758721,NA
1227,1227,-1.78356700566261,NA,NA
1225,1225,-0.428801454459109,NA,NA
1224,1224,-2.4582477788102,NA,NA
1221,1221,0.171030039545101,NA,NA
1219,1219,-1.28167069989661,NA,NA
1218,1218,NA,-0.0335624993339767,NA
1217,1217,-0.488875299165844,NA,NA
1216,1216,-0.36939082938007,NA,NA
1214,1214,-2.51715531058838,NA,-1.07530475714135
1213,1213,0.636210367267811,NA,-0.465429771781306
1212,1212,NA,-1.05166399526193,NA
1211,1211,NA,-0.121835568135376,NA
1205,1205,NA,0.802857168943873,NA
1204,1204,NA,0.73920783417898,NA
1203,1203,NA,0.295518575087907,NA
1202,1202,1.91955926234669,NA,NA
1201,1201,0.128822440752453,NA,NA
1200,1200,NA,1.09053185825839,-0.636464918291082
1199,1199,NA,0.448771594557776,-0.259726877644535
1198,1198,NA,0.264088544760734,NA
1197,1197,NA,-0.909477648070018,NA
1196,1196,NA,0.763602763378344,0.891979519209423
1195,1195,0.0096421466463692,NA,0.671969944886644
1194,1194,0.017251420455846,NA,NA
1193,1193,NA,0.783427408927123,-0.302537196183562
1192,1192,NA,0.727108989916506,NA
1191,1191,NA,-0.0613266474749494,NA
1190,1190,NA,1.34813268192893,NA
1189,1189,NA,-0.19048030094771,NA
1188,1188,-0.662755715499218,NA,0.743708636468909
1187,1187,-1.28667954905422,-0.464821695519475,-0.7719068554066
1186,1186,NA,-0.256067196358083,NA
1185,1185,NA,0.100491741733969,NA
1184,1184,NA,-0.765213293131943,NA
1183,1183,NA,0.938288161971084,NA
1182,1182,NA,0.00713147075573239,NA
1180,1180,-0.193669038416507,NA,NA
1178,1178,NA,-0.410919366849626,NA
1177,1177,NA,-0.364042659608417,NA
1176,1176,NA,0.981023907155205,NA
1175,1175,-0.0778643122087779,NA,NA
1174,1174,NA,-0.304939785322258,NA
1173,1173,NA,0.529484616680854,NA
1172,1172,NA,1.72830286076315,NA
1171,1171,NA,-0.471907778580166,0.631199385568909
1170,1170,0.815911157089092,NA,1.5330053260037
1169,1169,NA,1.13964951921772,NA
1168,1168,-0.174234763178692,0.447886418321877,NA
1167,1167,NA,0.921290081608024,NA
1166,1166,-0.036041143252806,NA,NA
1165,1165,NA,-0.479607906823706,0.406219544317146
1164,1164,NA,0.0243254000290385,NA
1163,1163,-0.00256573808130156,NA,NA
1162,1162,-0.594343372751489,NA,NA
1161,1161,-0.187669078322822,-0.326896309360965,NA
1160,1160,NA,0.457696214761317,NA
1159,1159,NA,-0.0801471342484579,NA
1158,1158,NA,-0.143199232826693,NA
1157,1157,NA,0.301785865739051,NA
1156,1156,NA,-0.230536501337916,NA
1153,1153,NA,0.562359389545666,NA
1152,1152,NA,0.259089841637934,NA
1151,1151,NA,0.0541119852686016,NA
1130,1130,NA,-0.216380181930222,NA
1061,1061,NA,-0.732950195938493,NA
1051,1051,0.0156557455422082,NA,NA
1049,1049,0.631202143837887,-0.46778466690551,-0.573773677643524
1047,1047,0.147557329860316,NA,NA
1045,1045,-3.36099301694629,0.739671125031478,NA
1043,1043,NA,-0.312578823010112,-0.194868637756841
1041,1041,NA,1.22923367489489,NA
1040,1040,NA,0.483487020227265,0.0507197864202471
1037,1037,NA,0.752852760912184,NA
1036,1036,NA,0.765272931953067,NA
1033,1033,NA,-1.31712654293371,NA
1032,1032,NA,0.32423378687103,NA
1031,1031,NA,0.708252382404529,0.7895062823791
1030,1030,NA,0.795031772127968,NA
1029,1029,NA,-0.00227440776479071,-0.217691943754828
1028,1028,NA,0.432582545369618,NA
1020,1020,NA,1.54204684134827,NA
1019,1019,NA,0.0887780512052867,NA
1017,1017,NA,-0.536397785962293,NA
942,942,NA,-0.789264694531203,NA
941,941,NA,0.450773154873378,NA
932,932,NA,-0.735115012279028,NA
927,927,NA,0.451380249712107,1.03752033286042
924,924,NA,0.186861579607925,NA
922,922,NA,1.40083988726877,NA
921,921,NA,0.693565116187195,-1.2915579899676
917,917,NA,0.533384835156678,NA
915,915,NA,0.492753815482234,NA
912,912,NA,-0.338149531480713,-0.0680543808292698
911,911,NA,-0.207395166320156,0.277846093568508
884,884,NA,-0.0530943182623602,NA
868,868,NA,-0.479346651007018,NA
865,865,NA,1.34049727255821,NA
850,850,NA,-1.12905274319581,NA
849,849,NA,0.638711512988309,NA
847,847,NA,0.352823086252641,NA
840,840,NA,NA,-0.838668793647443
837,837,NA,1.06187743493456,NA
828,828,NA,0.0168829739235186,NA
826,826,NA,NA,-0.326372113894536
825,825,NA,NA,-1.11576513624361
776,776,NA,0.786699842861506,NA
677,677,NA,0.349145164331565,0.19558267786323
668,668,NA,0.245548193781001,NA
639,639,NA,0.394720050139412,NA
637,637,NA,0.0273017693399886,NA
638,638,NA,NA,0.116906421124197
641,641,NA,-0.420928715649573,NA
629,629,NA,NA,1.15392857084935
628,628,NA,-0.291146783563248,NA
609,609,NA,-2.28877900711624,-0.209435705320656
608,608,NA,0.853957765663221,NA
607,607,NA,NA,0.500488003344596
606,606,NA,0.44155265334544,NA
605,605,NA,-0.230860645716731,NA
604,604,NA,NA,-0.55669535675039
602,602,NA,NA,0.735678527907087
597,597,NA,NA,-0.830083150416337
596,596,NA,-0.572626838251461,NA
563,563,NA,0.380104405404644,NA
559,559,NA,-0.592634841069863,NA
557,557,NA,0.782780429014252,-0.0480087549461352
554,554,NA,0.898946641335534,NA
550,550,NA,0.939969810827357,NA
530,530,NA,-0.631640701828228,NA
528,528,NA,-0.486954986821791,NA
525,525,NA,1.07638247745322,1.10456014499849
523,523,NA,NA,-0.47938201094632
522,522,NA,-1.16580885135985,NA
511,511,NA,NA,-1.58132508600827
510,510,NA,-0.904871360307606,-0.724578276046717
509,509,NA,-1.05400398295775,NA
507,507,NA,NA,-0.032913063731888
504,504,NA,NA,0.600802220220528
501,501,NA,0.530607596249823,NA
500,500,NA,NA,1.00348669855619
499,499,NA,0.547710498789334,NA
498,498,NA,-0.072944547943619,NA
497,497,NA,0.526720723289724,0.536164875843267
494,494,NA,NA,-2.59595571314251
477,477,NA,-1.0694069052459,NA
467,467,NA,NA,-0.518853295461646
458,458,NA,-1.31522651048577,NA
455,455,NA,0.519549863500266,NA
450,450,NA,NA,0.493783762598518
449,449,NA,-0.0802414720494582,NA
441,441,NA,0.407163208113891,-0.053696181475682
329,329,NA,NA,-1.03650339335326
297,297,NA,NA,-0.326189958743026
221,221,NA,NA,-0.248361859400955
220,220,NA,NA,-0.954193897885373
216,216,NA,NA,0.51700059167149
208,208,NA,NA,-0.711094271676252
199,199,NA,NA,-0.102177142373632
178,178,NA,NA,-0.957086100831052
172,172,NA,NA,-0.212635620275988
163,163,NA,NA,-0.010527787890334
65,65,NA,NA,1.68008787271367
64,64,NA,NA,-0.447240115102531
51,51,NA,NA,-0.618165925866895
44,44,NA,NA,-0.170176090022775
1802,1802,NA,-0.971880892236784,-1.20966623647168
1803,1803,NA,-0.120760200286678,-0.266259362190026
1821,1821,NA,0.98788515185889,0.906206492652602
1801,1801,0.23186748194146,NA,-0.767550815799007
1807,1807,0.228412752549678,NA,NA
1822,1822,NA,-1.1658273347012,NA
1823,1823,NA,-0.726486752362007,NA
1800,1800,NA,0.109613543856884,NA
1787,1787,0.339667388411751,0.160236137674752,-0.890632370737585
1785,1785,0.0850129075557895,1.26818121643311,NA
1775,1775,NA,-0.404547440684089,NA
1774,1774,0.198670558451049,0.204172580105566,-0.053326439473679
1776,1776,-0.861795427543555,NA,NA
1778,1778,-0.678224785773802,1.31384167096049,NA
1779,1779,NA,0.0527061431291758,NA
1780,1780,0.543113221525942,NA,NA
1781,1781,NA,0.947597714496657,NA
1789,1789,1.17405366768371,NA,NA
1784,1784,-0.37860365116876,NA,NA
1799,1799,0.893261549974266,NA,NA
1786,1786,NA,-0.62920382974819,NA
1788,1788,1.26095953908554,NA,NA
1790,1790,0.960822196464541,0.214265343618729,0.0953334355104847
1791,1791,NA,-0.227919841652747,NA
1793,1793,NA,0.483872257798943,NA
1794,1794,NA,-0.182088948896986,NA
1795,1795,NA,0.116413981962095,NA
1796,1796,NA,1.19894463983909,NA
1797,1797,0.98647360801955,0.03971253549728,NA
1609,1609,NA,0.16023973021513,NA
1731,1731,-0.343820580657283,-0.220171246638043,-0.105267729378417
1782,1782,NA,1.595982642548,0.774453616135284
1773,1773,NA,0.0232663243580914,NA
1495,1495,NA,0.484847781199775,NA
1851,1851,0.844776465041479,NA,NA
1491,1491,NA,0.196013409445857,-0.0404340090958772
1504,1504,NA,-0.130669835868755,-0.449322197344797
1361,1361,NA,-1.23935174245858,0.387657637593681
1396,1396,NA,-0.0977443561944966,NA
1429,1429,NA,-0.348930908027372,-0.908354451233341
1494,1494,NA,0.752950516811161,0.175721295860778
1510,1510,NA,-0.963341308238393,-0.523027870686161
1533,1533,NA,-0.375865250110298,-0.0964709633875067
1538,1538,NA,0.637766634411088,NA
1539,1539,NA,-0.370395417310732,-0.313554925855206
1540,1540,NA,-0.0788913684548973,NA
1543,1543,NA,0.575466194175736,-0.403705446378117
1553,1553,NA,-1.06146395304543,-0.401761264234838
1419,1419,NA,-1.24664570172501,-0.45287086818606
472,472,NA,NA,-0.480979817250301
503,503,NA,NA,-0.756038781019776
544,544,NA,NA,-0.548732550912366
1572,1572,NA,-0.779304817197467,NA
1018,1018,NA,NA,0.0291135950429163
1155,1155,NA,NA,0.343581544911636
1711,1711,NA,0.571992142232824,NA
1720,1720,NA,-0.348288701449743,NA
1728,1728,NA,0.893906543026343,NA
1729,1729,NA,-0.437790282144508,-0.37793823764782
1740,1740,NA,0.330999530279978,-0.126970229925028
1743,1743,0.536329793532058,0.345129492928174,0.0549369790718153
1745,1745,NA,0.380554047502457,NA
1750,1750,-0.148572465246119,0.368588971578533,0.261844055670822
1752,1752,-0.30710092927492,-0.0580445989746714,0.0157369166617034
1506,1506,NA,0.0465741630155119,1.12474009878193
1756,1756,NA,-0.139003108681412,NA
1702,1702,-0.253366825344886,0.039642714708718,NA
1762,1762,-0.857732668456036,-0.185914784726668,0.681472147275498
1763,1763,NA,-0.196452196877793,-0.631463665478854
1765,1765,NA,-0.268851037305785,-0.757682665010729
1766,1766,-1.52382883115259,-0.840200379391615,NA
1767,1767,NA,-1.29252622933205,-2.37698776932717
1769,1769,-0.429555320910447,NA,NA
1771,1771,NA,-0.263235055489737,NA
1753,1753,NA,-0.876613909610575,-0.627172458795487
1666,1666,NA,0.568427589415347,NA
1579,1579,NA,1.64266641357582,NA
1581,1581,NA,0.305348108249042,0.65805948718518
1587,1587,NA,0.553248938386325,1.00347641873903
1597,1597,NA,1.04331990886755,NA
1598,1598,NA,-0.0690630062411675,NA
1607,1607,NA,0.430143542264653,0.575869809694488
1610,1610,NA,0.375940288389698,NA
1710,1710,NA,0.0367554463138191,0.719964482365921
1660,1660,NA,-0.305333469102924,-0.26578293298479
1705,1705,-0.290092596307938,0.320876322721116,NA
1671,1671,NA,-0.234317947310419,NA
1673,1673,NA,-0.408356039557829,NA
1682,1682,NA,-0.0388378051066773,0.188850963112714
1684,1684,NA,1.04028903406183,NA
1685,1685,NA,0.704357747877734,0.0188054025616928
1695,1695,NA,0.554076133478294,NA
1697,1697,NA,-0.689826021170585,NA
1698,1698,NA,0.397089482464924,0.628885108072566
1699,1699,NA,2.25772775549055,NA
1570,1570,NA,-0.372790264632108,NA
1616,1616,NA,0.725417303539638,-0.0272960756276686
2972,2972,NA,-1.25746834798833,NA
2973,2973,-2.53612411525593,NA,NA
2974,2974,-2.06214780816837,-0.243514116756323,-0.376673820844603
2975,2975,-0.0934590140031784,NA,NA
2976,2976,0.474426925033669,NA,NA
2977,2977,-0.056134745378321,NA,NA
2978,2978,NA,-0.039334065075186,1.04351434327456
2979,2979,-1.15716745658117,NA,NA
2980,2980,-1.91170050446671,-0.710996535516503,NA
2982,2982,-1.06126079039984,0.878978296594545,NA
2983,2983,NA,-1.48524762402188,NA
2984,2984,NA,-0.455425509471563,-0.734755399553194
2985,2985,-0.83397591800907,-0.217062943152579,-0.178174893082293
2986,2986,-0.457933616449711,-0.413096209316327,0.27603058977852
2987,2987,NA,-0.178733468841452,NA
2988,2988,-1.25772287090516,0.218951332499362,-0.528858049539501
2989,2989,-0.115799474266549,-0.454930014799144,-0.497369018259375
2990,2990,-0.425293854400524,-0.134163895889235,NA
2991,2991,0.871665332862481,0.273673823343563,0.137806208098642
1042,1042,NA,NA,-0.21583836957237
1806,1806,-1.30718867204217,NA,NA
1532,1532,NA,-0.762533940858081,-1.21807097441234
1825,1825,0.225609725019067,NA,NA
1721,1721,NA,0.512478313655235,NA
1768,1768,NA,0.748015952904431,NA
1742,1742,NA,-1.05288173456761,-0.924820620393388
1739,1739,NA,-0.609987994138244,0.00905915081131781
595,595,NA,NA,-0.37051165953576
1804,1804,-0.961168059913993,-0.309981822225597,NA
1725,1725,NA,0.450005269989738,NA
1275,1275,NA,NA,0.204383762367648
832,832,NA,NA,-0.255392645230829
1890,1890,-0.716704877249862,-0.532193195251306,NA
3000,3000,-0.971258373128322,NA,NA
3001,3001,0.476394464452646,NA,NA
3002,3002,0.251350468935037,0.135910499133431,NA
3003,3003,0.644318174116837,0.0719855195958878,NA
3004,3004,-0.525576469997063,NA,NA
3019,3019,-1.00861171417432,-0.240804503600192,NA
3022,3022,-0.828604288011308,0.215629328322994,-0.0205388915881404
1824,1824,-0.120766354630058,NA,-0.0165786511612974
1590,1590,NA,-0.625453433483219,NA
1827,1827,NA,1.72606397085503,1.16903032238763
1783,1783,NA,-0.053561414338609,NA
1559,1559,NA,0.296997654305615,-0.488051877626276
1723,1723,NA,0.0139835153778556,NA
1747,1747,NA,0.648247938744444,NA
1805,1805,NA,-0.572969733550173,NA
1591,1591,NA,0.202401475628985,NA
2964,2964,NA,0.466248383048646,0.21518982999519
1819,1819,NA,-0.0377156777988787,0.141815753317264
1614,1614,NA,0.0624627496425099,-0.901179829554988
1541,1541,NA,0.827269187326413,NA
2962,2962,0.308906759199401,0.490171578868772,NA
1604,1604,NA,0.340746130566185,0.128768296076547
1869,1869,NA,0.400797701724304,-0.280008451475013
1826,1826,NA,1.37351333143854,1.03697053798511
1707,1707,NA,0.558808401429877,0.14888235046869
3087,3087,-0.835610577276714,-0.505690717251131,0.16467002682351
3094,3094,-0.230762091528259,1.20267314941723,-0.0425183904075137
3095,3095,1.0035184441824,NA,NA
1605,1605,NA,-0.208068333495664,-0.269020184144733
1577,1577,NA,0.0728762903025739,0.0517816587809508
1830,1830,NA,0.459429529127052,NA
1617,1617,NA,-0.439436614102718,-0.0351472530916439
1744,1744,NA,-0.897515094888392,-0.95929279022592
3453,3453,-0.710189287158528,0.37873834929067,0.180651420392609
3454,3454,-0.0263814601365482,NA,NA
3456,3456,NA,0.606478662996,1.12752989749835
3458,3458,-1.33186918980469,NA,NA
3463,3463,-0.283253845979576,0.760459499900821,NA
3487,3487,NA,-0.782144864254308,NA
3488,3488,0.793091331085382,NA,NA
3489,3489,-0.16863828799694,1.24669003983808,NA
3490,3490,0.224128866478527,0.270951135441084,-0.427215335736439
3492,3492,-0.221605665583668,NA,NA
1857,1857,NA,0.301381053199695,NA
3017,3017,-0.64458907043527,NA,NA
3005,3005,0.155635414996846,0.375589232435196,NA
1722,1722,NA,1.12344422679881,0.626369758024534
1523,1523,NA,NA,0.992096523810349
3448,3448,-0.809742825488806,NA,NA
3464,3464,-0.525061619926689,-0.213443901160996,NA
3020,3020,0.0663160846032724,0.148032545056918,NA
3497,3497,0.4743018559547,0.144138832054011,-0.465078935716688
3500,3500,-0.113304906909068,0.677919895293209,NA
3501,3501,0.00296325414091214,-0.124128269299565,NA
3502,3502,0.797019728070911,NA,NA
3505,3505,0.0995324929448138,-0.414233865640078,NA
3506,3506,0.446899597857872,NA,NA
3507,3507,NA,-0.629101315173902,NA
3508,3508,NA,0.282482599510299,NA
3510,3510,-0.355588072078213,NA,NA
3511,3511,-0.12882150967633,NA,NA
3513,3513,-0.0232730940271448,NA,NA
3515,3515,0.355737971130633,-0.445557117869956,NA
3516,3516,0.989113777257653,0.500926951440563,NA
3520,3520,-0.0321554050819586,1.28365393891506,NA
1536,1536,NA,NA,-1.04397800279604
1895,1895,NA,1.28195976827834,NA
1798,1798,NA,0.34654187166058,-1.20236793116528
1716,1716,NA,0.682496233367797,0.0811786927114184
1831,1831,NA,0.59389222502608,NA
2959,2959,NA,1.08097738957927,NA
2960,2960,NA,-0.683894924039441,-0.722902444267509
1854,1854,NA,0.22321700338566,-0.413971908498398
1757,1757,NA,0.670680130145325,0.0453115171932907
3564,3564,0.827060497910097,NA,NA
3567,3567,0.266602548058618,NA,1.42132722173887
1678,1678,NA,0.656157672184291,-0.116876422223077
3018,3018,-0.320029863143012,NA,NA
3085,3085,-0.009228638570562,0.353931482085875,-0.198742357251597
1717,1717,NA,1.06218295827647,0.273413340036264
3457,3457,-0.0498038278270307,0.439593029339601,NA
1499,1499,NA,NA,-0.519967720543115
1864,1864,NA,-0.920208722102345,NA
1611,1611,NA,NA,-1.12750536025104
1606,1606,NA,NA,0.556503612257163
1412,1412,NA,NA,0.327230415134226
3447,3447,0.637036187760714,NA,NA
1384,1384,NA,NA,-0.152735159105761
2963,2963,NA,0.277405562250176,1.23506050228475
1709,1709,NA,-1.11433831802035,NA
1886,1886,NA,-0.201432492136357,-0.685040039062345
3459,3459,-0.335073487398475,NA,NA
1881,1881,NA,-0.685853302481249,-0.682303381006406
1772,1772,NA,-0.192436427846433,NA
4862,4862,0.0153936783405335,NA,NA
4866,4866,-0.761276302698008,0.16440702518958,NA
4870,4870,-0.0385105056375341,NA,NA
4873,4873,-0.581722656967193,-0.795787809328974,NA
4874,4874,-0.362187912341641,NA,NA
4881,4881,1.22476197073355,0.0185550374253545,NA
3594,3594,0.513184426354748,NA,NA
3486,3486,NA,0.118685532079687,0.0985967499948075
3446,3446,NA,-0.245004062210571,NA
1589,1589,NA,NA,-0.671468271314013
3619,3619,-0.0309697570233567,NA,NA
3603,3603,-0.114329655555172,NA,NA
4805,4805,NA,-0.109770774292352,NA
3578,3578,1.75084384116877,NA,NA
3590,3590,0.443650993842214,-0.426303486642793,NA
3569,3569,0.732942348298986,-1.89189865960472,NA
1848,1848,NA,-0.824171926053916,-1.144133773287
3462,3462,NA,0.493393485168541,0.171083087413546
2966,2966,NA,-0.747279327727302,-0.432137868721636
1664,1664,NA,-1.51021496322815,-1.18989137897511
3444,3444,NA,0.118265098206972,NA
3606,3606,0.807662463919488,0.516216833073634,NA
3093,3093,NA,0.117082273458963,NA
1566,1566,NA,NA,0.22489826167039
3643,3643,-0.580180936824414,NA,-0.270214990314918
1580,1580,NA,NA,0.683498371389046
3576,3576,-0.333592332373527,-0.289536497992858,NA
3644,3644,0.284947211232975,NA,NA
3089,3089,NA,1.15075231829369,0.928823964724312
1593,1593,NA,NA,0.141322602445197
3573,3573,NA,-1.1721247648387,NA
3612,3612,-0.327131050832618,-0.319581871582066,NA
453,453,NA,NA,0.136281164720367
4803,4803,-0.254906526610188,NA,-0.961658951930755
3617,3617,0.912522001290171,NA,NA
1024,1024,NA,NA,-1.2872061597385
4871,4871,-0.295631017661757,1.46061393328924,NA
3642,3642,NA,-1.33641886756029,NA
4939,4939,0.241207761072669,-0.251138673964663,NA
4942,4942,-1.28565922095015,NA,NA
4949,4949,-0.289318538866222,1.59727143491022,NA
4878,4878,-0.575570975886142,-0.455650822952279,NA
4954,4954,0.655913836072838,-0.254263150264606,0.449796951108956
4956,4956,-0.356462159748416,-0.386143288833879,NA
4959,4959,0.0371310067162369,NA,NA
4889,4889,-1.3886590481416,NA,NA
4855,4855,-1.57843710546396,NA,NA
3498,3498,NA,-1.54640181102022,NA
4875,4875,-0.147468826886339,-0.317882943313702,NA
3646,3646,NA,0.649610952469347,NA
1608,1608,NA,NA,-0.522029410671221
3570,3570,NA,0.416438466048859,NA
1672,1672,NA,NA,1.19899755573257
3518,3518,NA,-0.0216023450722306,0.0559574618118539
1808,1808,NA,1.58757578040382,NA
1868,1868,NA,1.39192844563046,0.633417923281775
4877,4877,0.809548200020409,NA,NA
1669,1669,NA,NA,-0.098097531397569
1897,1897,NA,1.39392162072244,0.521438369322869
4898,4898,-0.261084698396763,NA,NA
3699,3699,NA,-0.191789450323157,0.109344869147209
2968,2968,NA,-0.724697780778726,NA
3696,3696,NA,0.745476770639005,NA
4829,4829,NA,0.373278715904146,NA
4999,4999,-0.516720468204234,NA,1.0931190583075
5000,5000,-0.246777771089191,-0.279998942773785,-0.618667901445534
4941,4941,-0.782449313804976,-0.169015131622437,NA
4876,4876,NA,-1.10555416186103,NA
5009,5009,-0.785398701176045,2.99608276728956,-0.520962116515179
5073,5073,-0.142978059377496,-0.864347295404604,NA
5075,5075,-0.552275859246844,0.112321295312153,-0.815042059616067
5078,5078,-0.767444072399284,NA,NA
5079,5079,NA,0.379587179449348,NA
5099,5099,0.265162032800752,0.443704677259232,NA
5116,5116,0.0964940746485112,0.0218361550146113,NA
5118,5118,-0.0194340450145347,0.508153914170421,NA
5132,5132,1.29294027939796,NA,-0.336531725856434
5133,5133,0.765789343802457,-0.0322851048000601,NA
5162,5162,NA,-0.512483313206653,-3.23394851617133
5163,5163,0.780894045074797,-0.396830993800055,NA
5166,5166,0.483706214127164,NA,NA
5172,5172,-0.240179165640971,NA,NA
5173,5173,0.0961344050812496,0.546960604242514,-0.770930942803242
5174,5174,0.612217809562631,NA,NA
5194,5194,-0.360052624536676,NA,NA
5195,5195,-1.01670678807961,-0.268712788311806,-0.617875243041361
5199,5199,-0.799114331692861,NA,NA
5213,5213,-0.282289975800737,-0.76053807152798,NA
5215,5215,0.300033726777732,NA,NA
5216,5216,0.76382066339527,NA,NA
5220,5220,0.630572779525342,0.634852521607947,NA
5240,5240,0.311970210711351,0.944129568413082,NA
5248,5248,-0.58183134045872,NA,NA
5249,5249,0.768309974616624,1.71613055720297,-1.64338426168706
5256,5256,0.566818960426025,NA,NA
5260,5260,0.550303840425254,NA,NA
5262,5262,1.04249931215541,0.242672435048409,NA
5263,5263,-0.540937500648829,NA,NA
5266,5266,-0.269133785952274,NA,NA
5267,5267,-0.400956720521267,-0.12623621529744,-1.76322988752326
5268,5268,-0.656823124166673,0.0877854982495396,NA
1852,1852,NA,0.457374154234272,-1.065957059749
4934,4934,1.3545466079458,1.26468889106407,NA
4872,4872,NA,0.424965365793559,0.535043749626336
4886,4886,NA,0.255726610615506,NA
4969,4969,0.00385794993959987,NA,NA
4888,4888,1.47678847560359,1.1811059629858,NA
4973,4973,0.152171808494868,NA,1.46479620692995
4960,4960,-0.154615443600147,NA,NA
4936,4936,-0.954979247852869,0.503047015289503,NA
3641,3641,NA,0.585225944331656,NA
4910,4910,-1.00391713491015,-0.771527650527887,NA
3517,3517,NA,-0.151493860032817,NA
3615,3615,NA,-0.0184175577088599,NA
4918,4918,-0.83079644575542,NA,NA
4894,4894,0.0864548770864602,1.41477169474869,NA
4892,4892,0.288900705368619,-0.199901751565896,0.129750087307519
4884,4884,-0.326115124950979,NA,NA
3580,3580,NA,0.0288593338928163,NA
3596,3596,NA,1.07767779982349,NA
3519,3519,NA,0.0165802405855473,NA
930,930,NA,NA,0.384461217763247
3445,3445,NA,0.100982776925903,NA
4948,4948,-0.100180662758508,NA,NA
4912,4912,0.795994387258384,0.475879943727026,NA
4915,4915,1.22168556302323,NA,NA
4950,4950,0.46269642817713,NA,NA
4902,4902,0.834729017611117,0.528864350284934,NA
4917,4917,-0.686369944564197,0.122936381769744,-0.0113789239582829
1754,1754,NA,NA,0.554424386812276
3021,3021,NA,0.13111315256285,NA
3608,3608,NA,-0.00622930341428329,0.386868811123242
4904,4904,NA,0.423749464429171,0.89565012593672
5071,5071,-0.658840508802673,-0.303952130352259,NA
1489,1489,NA,NA,0.350332217546711
4887,4887,NA,0.272025733239315,NA
5139,5139,-1.7362086974668,NA,NA
4958,4958,NA,0.419176889147857,-1.17995901955635
1872,1872,NA,-0.924825166694292,-0.367648227896193
4944,4944,NA,0.447363026609825,NA
1871,1871,NA,-0.054064426438952,NA
3604,3604,NA,0.253163152676207,NA
4896,4896,NA,0.457277971458012,0.995516556414342
4961,4961,NA,-0.624811266088037,NA
5074,5074,-0.76835682628403,NA,NA
4964,4964,NA,0.230375279855608,NA
4897,4897,NA,-0.322565978064404,NA
4919,4919,NA,-0.304645399437795,NA
5123,5123,-0.330654318801658,1.36273625721971,0.0718888849327275
3574,3574,NA,-1.08322192623824,-0.652288415904007
4847,4847,NA,-1.35901810566496,NA
4890,4890,NA,-0.130146655887434,-0.298815422095869
5134,5134,-1.12089414112738,NA,NA
3449,3449,NA,-1.38111504547896,NA
3616,3616,NA,-1.29884826044735,NA
5147,5147,-0.638811369736951,-0.552629991096469,NA
3491,3491,NA,0.516232313361645,NA
5169,5169,0.237791913115217,0.385592036179088,NA
4947,4947,NA,0.197319312031553,-0.652032022161023
5275,5275,0.0776873264222964,0.22166935915164,NA
5265,5265,0.573560249011047,NA,NA
3086,3086,NA,1.47764466029519,0.705721024058285
5160,5160,0.0700274285814206,-0.341377885900247,NA
5197,5197,-0.997186102736269,0.20739056226024,NA
4854,4854,NA,-0.346904213311559,-0.31286852033632
4938,4938,NA,0.0341949709565537,NA
5237,5237,0.78562094494475,-0.0221426975165819,NA
5235,5235,-0.511802494398642,-0.0045371557268421,-1.26571554185108
5144,5144,0.985827624574458,1.26938197815024,NA
5224,5224,-0.00067556803890767,-0.155916022413599,NA
5155,5155,0.0209329038644448,1.20565001795512,NA
869,869,NA,NA,2.51466063782453
4860,4860,NA,0.846958225257781,0.282526301299313
3618,3618,NA,-0.832680671856711,NA
4972,4972,NA,0.202912582879122,-1.26232841785817
5072,5072,NA,0.135759931374058,-0.120191674552594
5282,5282,0.882989844161637,NA,NA
5167,5167,NA,0.753937013941028,NA
4863,4863,NA,-1.04510133524382,NA
5285,5285,2.05547739568805,0.668643202174116,NA
1708,1708,NA,NA,-0.812819663570734
3695,3695,NA,0.934384350394685,NA
1438,1438,NA,NA,0.0739569454092228
4885,4885,NA,0.384176486558992,-0.178012194478778
4883,4883,NA,-0.0921345564742134,0.567000295859299
4879,4879,0.1008521494084,NA,NA
5121,5121,NA,1.18231637234096,NA
5119,5119,NA,1.87757626506586,NA
4935,4935,NA,0.174986315403995,NA
5290,5290,0.866001449135524,-0.476908453488068,NA
5291,5291,1.24106082853715,-0.0415329872255445,-0.747659358510112
5226,5226,0.322191204451416,-1.44961518609988,NA
4957,4957,NA,-0.41355641203119,-0.737551331897941
4967,4967,NA,0.0540552169353958,NA
1542,1542,NA,NA,-1.0010899245453
5141,5141,-0.114147308884881,NA,NA
1877,1877,NA,0.88126971564726,0.349852822685566
4952,4952,NA,1.14227009881759,NA
3595,3595,NA,0.967925059655217,0.0419990818031355
5077,5077,NA,-0.0368735623973357,-1.85116180144871
5145,5145,0.245514254724133,NA,NA
5137,5137,0.726775161706634,NA,NA
5125,5125,-0.191273333367125,-0.644782777535729,NA
4971,4971,NA,0.150879651305715,NA
5076,5076,NA,0.870125724944824,NA
4970,4970,NA,0.773686611874318,NA
5140,5140,0.475936484725498,NA,NA
3451,3451,NA,-0.330609987903378,0.866073111227942
5080,5080,NA,-0.124293559476255,NA
5117,5117,NA,1.14531537782703,NA
5314,5314,-1.37729938123989,NA,NA
5315,5315,-1.12653449824508,1.60052433384612,NA
5316,5316,-0.958902000071726,NA,NA
5289,5289,-0.713186644306317,NA,NA
5204,5204,NA,-1.23833795604547,NA
5320,5320,NA,0.189896008523657,NA
5322,5322,-0.460378303386907,NA,NA
5269,5269,NA,-0.321413310319091,NA
5323,5323,-0.111715044245082,0.575188398728533,NA
5324,5324,0.527587340199271,NA,NA
5168,5168,NA,-0.0497515447996459,NA
5212,5212,NA,0.00373209078427195,0.115371563915636
5325,5325,-1.60576091348021,NA,NA
5326,5326,-1.22236384091473,-0.328319958229745,NA
5327,5327,0.300097497053514,NA,NA
5287,5287,-0.0579657839122145,NA,NA
5332,5332,-1.45192823584818,NA,NA
5334,5334,-0.528557951917856,1.067034046791,NA
5335,5335,-0.386864034684283,NA,NA
4861,4861,NA,-0.0711276137483772,0.0724289633488298
5338,5338,-0.128396214316456,-0.870260767017394,NA
5277,5277,-0.674479742506318,0.2715808945687,NA
4933,4933,NA,-0.601460573805751,-0.673101232424234
5341,5341,0.360527126111071,NA,NA
4965,4965,NA,-0.00978687329868201,0.293210786721621
5254,5254,NA,0.528114510194969,NA
5449,5449,0.380504497684738,NA,NA
5459,5459,-0.777511465564441,NA,NA
5497,5497,-0.580980297970939,-0.662032357213469,NA
5498,5498,-1.67145936344464,-0.751977129639024,NA
5507,5507,-0.224339653832175,NA,NA
5508,5508,0.356213610800264,1.01253092926113,NA
5509,5509,-0.633810345419114,-0.139773345846784,NA
5510,5510,-0.282073832307391,-0.323426709577738,NA
5512,5512,-1.00156029963834,NA,NA
5513,5513,-0.457826220846258,1.07350857156964,NA
5515,5515,0.416419217206723,NA,NA
5516,5516,0.0303442625043395,NA,NA
5517,5517,0.280085491383133,1.57170445924686,NA
5518,5518,-0.917054889677617,-0.519134838855233,NA
5520,5520,-0.62982003987773,NA,NA
5521,5521,-0.21581867415388,NA,0.273692821748883
5317,5317,NA,-1.29347504974137,NA
5170,5170,NA,0.365947664357923,NA
5313,5313,NA,0.61951424590081,NA
5284,5284,NA,-1.06121676951959,NA
5522,5522,-0.393851383848849,0.0480126689281093,NA
5523,5523,-0.825901006536025,0.0723433655152494,NA
5524,5524,-0.238795481325832,0.889103725531786,NA
5525,5525,-0.309980939929947,0.0990079112011642,NA
5526,5526,NA,-0.0183478403371282,NA
5527,5527,-1.86932625273683,NA,NA
5528,5528,-1.23637604514725,-0.0424922298645836,-0.487386697851225
5529,5529,-1.27521648507418,0.569868978472552,NA
5336,5336,NA,-0.19471144355011,NA
5530,5530,1.05849603671212,0.54055053675895,NA
5531,5531,NA,0.345467466060731,NA
5533,5533,0.557042406939379,NA,NA
5450,5450,NA,0.130172313934644,0.219875135773094
5534,5534,0.394050574664433,0.544341836424424,NA
5535,5535,1.08746596178004,NA,NA
5536,5536,-0.825775062037371,-1.18449940287548,NA
5537,5537,0.945538153898147,0.046452106260646,0.746296973883732
5538,5538,0.564352286101402,NA,NA
5339,5339,NA,-0.446009096173844,NA
5456,5456,NA,1.86772324315093,NA
5539,5539,-0.409804065686037,NA,NA
5541,5541,0.324656268447166,NA,NA
5549,5549,2.58068072546157,0.171873440027126,0.0157650835844727
5333,5333,NA,0.3061748043413,0.75469186678653
5462,5462,NA,0.228124993757081,NA
5559,5559,0.185259167243427,-0.0719103603505955,-0.584362943061866
5562,5562,0.366198638545084,NA,NA
5573,5573,0.938235404290884,0.727277125506692,NA
5557,5557,-0.0513554934831681,0.997784203512708,NA
5128,5128,NA,-0.371628396340217,0.0604653877151093
5550,5550,0.335787485502212,NA,NA
5564,5564,-1.02285393995339,-0.533070282115182,NA
5547,5547,-0.354449319336748,0.576111222622463,-1.34425703039594
5242,5242,NA,-1.27305617244485,NA
5543,5543,0.372070996400897,1.01316334329203,-0.521174242636739
5581,5581,-0.0985687207269592,NA,NA
5582,5582,0.595562230104791,0.629760305243511,NA
5583,5583,-1.04790526205564,-0.640315165423129,-1.06179486906661
5584,5584,1.3842399714468,0.332177012459693,NA
5586,5586,-1.22181519883881,-0.160054709885223,NA
5587,5587,0.452657427583832,NA,NA
5588,5588,0.59851415024384,1.70777017912223,NA
5590,5590,-0.05343499206659,0.521508194002231,-0.429342364137447
5591,5591,0.177583020662496,NA,NA
5592,5592,-0.378146714594283,NA,NA
5593,5593,-0.91627277403845,NA,NA
5594,5594,-0.985882848826901,NA,NA
5595,5595,-1.05279823188055,-0.560367917502124,-1.3059403044892
5596,5596,0.309539396521799,NA,NA
5597,5597,0.648095848523097,0.230980602987906,NA
5598,5598,NA,0.720466896194326,NA
5599,5599,0.836374910975701,NA,NA
5600,5600,-0.0583704933441815,-0.187823317928292,NA
5602,5602,-0.881656736888814,-0.0214939896193442,NA
5604,5604,-0.0717807670017194,-0.442597777719843,NA
5605,5605,0.645564202285565,-0.459301753332959,NA
5606,5606,-1.50279106832263,0.709598904784544,NA
5607,5607,0.553644936842636,-0.432517336575192,NA
5608,5608,0.041768889066482,0.217348791685501,NA
5609,5609,NA,0.662753169235456,NA
5610,5610,-0.370871748443631,NA,NA
5611,5611,0.319781452954667,0.578545765233798,-0.670175565581866
5612,5612,-0.391938732373902,-0.972254916366836,NA
5613,5613,NA,-0.128228332425455,NA
5614,5614,-0.149800210098363,NA,NA
5615,5615,-0.696618136666287,NA,NA
5616,5616,2.63326252704427,NA,NA
5619,5619,-0.291981171550485,NA,NA
5620,5620,0.234186589149544,-0.182460498204453,NA
5621,5621,-1.01382809825597,-0.13750698226663,NA
5623,5623,-0.476229243957551,NA,NA
5625,5625,0.295552188254131,0.308637022212261,NA
5626,5626,1.42335499281641,1.72290369454643,1.04709254601259
5627,5627,0.148553191451612,NA,NA
5540,5540,0.784054659769247,1.17785346697044,NA
3698,3698,NA,NA,0.669599096548628
5465,5465,NA,0.29758175960942,NA
5630,5630,0.165252156483238,-0.445009091149249,-1.07260907434891
5631,5631,-0.393407522646672,NA,NA
5633,5633,-0.328374130485985,0.377198460392217,NA
5634,5634,-0.708024314733658,-0.467499450173249,-1.26541380795285
5635,5635,1.28457928838755,-0.30610989122999,0.696857732687015
5636,5636,-0.0692199830346709,-0.100681131831111,NA
5640,5640,-0.899531030832568,-1.05503999072615,NA
5641,5641,0.313918367018562,0.378405367640751,-0.989295313707627
5642,5642,-0.876125783270993,0.595641399908809,NA
5643,5643,0.155662114544121,0.372586057420874,1.66449634726459
5514,5514,NA,-0.843834554724653,NA
5644,5644,0.545263067675064,0.2978863257893,-0.118325846523195
5652,5652,0.0558843574773125,-0.234447055172201,NA
5217,5217,NA,0.855794018977068,0.686865415641342
5655,5655,-0.642102795576099,NA,NA
5678,5678,0.520708390569116,NA,NA
5679,5679,-0.201790222983512,-0.943668959628262,-0.328470030224878
3645,3645,NA,NA,-0.392110974231702
5283,5283,NA,0.994438387796878,NA
5617,5617,0.814525806664978,NA,NA
5553,5553,NA,-0.118899351496383,NA
5680,5680,0.973767377010676,NA,NA
5603,5603,-0.912458008355642,NA,NA
5585,5585,0.119359110952075,-0.522072840720023,NA
5683,5683,NA,-0.1534258191544,-1.64243909998223
5747,5747,-0.581762180638529,NA,NA
5753,5753,-0.589674462436223,NA,NA
5755,5755,-0.300274041889852,NA,NA
5756,5756,2.14524723931995,NA,NA
5757,5757,0.297422041626424,NA,NA
5758,5758,-0.36597490493692,NA,NA
5759,5759,0.838975773907409,NA,NA
5761,5761,0.0803929340966896,NA,NA
5820,5820,-1.25748057946961,0.0775434478286936,NA
5821,5821,-0.680261757778586,NA,0.459636046784407
5823,5823,-0.399180423001971,-0.220087449269057,0.904923602909855
5824,5824,-0.0345513109205831,NA,NA
5825,5825,-0.741904667267318,0.188752575827181,NA
5826,5826,0.0855337704259123,0.865565634822076,NA
5828,5828,-0.7740334001852,NA,NA
5831,5831,-0.918633504794007,NA,NA
5832,5832,-1.22109173924954,NA,NA
5833,5833,-0.97058222515582,-0.347757142450992,2.4154625882625
5834,5834,-0.574166353924458,0.879314444078464,NA
5835,5835,-0.0389341985287945,0.258020116936455,NA
5836,5836,0.637235463133862,0.636804338600879,NA
5838,5838,-1.38011780159639,-0.0371702810117913,NA
5542,5542,NA,-0.609273810498845,NA
5787,5787,-0.183448588241577,NA,NA
5770,5770,-1.33993254636958,-0.753011678887345,NA
5780,5780,-0.67366914187253,-0.0772592876343943,NA
5841,5841,-0.480669090666304,NA,NA
5842,5842,-0.368549207869759,-1.15046632701424,NA
5843,5843,0.633921486715517,-0.507099443080765,NA
5844,5844,-0.768738774830352,NA,NA
5845,5845,2.06241120473619,-0.582193036805528,0.923399323098769
5846,5846,-1.25770313458925,NA,NA
5847,5847,1.21877599407069,-0.543346677448956,NA
5849,5849,-0.15984416902954,NA,NA
5850,5850,0.354990962034103,-0.509425873180987,0.33598220913147
5682,5682,-0.593848647794147,NA,NA
5686,5686,-0.555068340184587,NA,NA
5778,5778,-1.67425681319221,-0.540269737252508,NA
5765,5765,-1.48664426773414,NA,NA
5748,5748,-0.155032502964367,0.696402795867817,NA
5337,5337,NA,-0.20441439822239,NA
5657,5657,0.181612178410246,0.907557866401537,NA
5685,5685,-0.536248791593946,NA,NA
5639,5639,NA,0.591389016271922,NA
5768,5768,-0.579706035959078,NA,NA
5769,5769,0.413457769342047,0.621968700860329,NA
5829,5829,-0.0433184297175746,0.783033075710805,0.29266807422399
5750,5750,NA,0.480347608571806,NA
5839,5839,0.0786179488370653,-0.779221684709609,NA
5775,5775,0.128682671284633,NA,NA
5901,5901,0.556567541999817,0.487192224117512,0.0416435748485586
5902,5902,0.39682374139136,NA,NA
5854,5854,0.870851217956798,0.545882303472867,NA
5904,5904,0.118984039729562,0.608728965289546,NA
5906,5906,-0.76668825075253,NA,NA
5776,5776,NA,0.606956411394153,0.0592397644005374
5909,5909,-0.32201907110449,-0.361908644316554,NA
5853,5853,0.127977399334453,-0.429226631547645,-0.450979230993376
5907,5907,-0.640738457520052,NA,NA
6009,6009,0.446550546456836,-0.0539833527281104,-0.838341817107336
6010,6010,3.82419711798534,NA,NA
5855,5855,0.674527064700946,0.916356157412125,NA
6011,6011,0.641406221432257,0.0954959434512709,-0.296324441578561
6012,6012,NA,0.699297154475778,NA
5653,5653,NA,-0.0674719488140418,NA
5638,5638,NA,1.72659752753061,NA
5545,5545,NA,2.13008544515461,0.047882794741481
6013,6013,1.51730290882618,NA,NA
5650,5650,NA,0.160044886604823,NA
6014,6014,0.739604562626461,NA,NA
6015,6015,-0.314233873718347,NA,NA
5447,5447,NA,-2.25100256145183,NA
6016,6016,-0.384027312667213,0.0765352550453517,NA
6017,6017,NA,-0.497228380651428,NA
5774,5774,NA,-0.5763422767424,NA
5618,5618,NA,-0.155452526933295,NA
6018,6018,0.65545325084021,0.559957113736491,NA
6019,6019,-0.924481400250786,0.556575495615578,-0.854505477121233
6020,6020,-2.20296916231954,NA,NA
6021,6021,-0.603229402802436,NA,NA
5837,5837,NA,-0.223203762846104,NA
6023,6023,-0.0209332614194517,NA,NA
6024,6024,0.674044313661645,-0.398024497739257,NA
6025,6025,-0.278358249072103,NA,NA
6026,6026,0.943499631523434,1.40486658215699,NA
5575,5575,NA,0.94341936464892,NA
6027,6027,1.3798055525079,-0.555372048871341,NA
6028,6028,1.0685760665378,0.381259273467796,NA
6029,6029,-0.400070306928317,0.743401949702601,0.406279399613933
6030,6030,1.52354016430546,0.224579552153897,NA
6031,6031,0.4311275315162,NA,NA
6032,6032,-0.517212808493053,NA,0.00439517317895977
6033,6033,-0.43253955640006,-0.544694008690303,NA
6034,6034,0.384735871037122,-0.376838390114298,-0.895673579205241
5648,5648,NA,0.192499238304169,NA
6036,6036,-2.37389552154405,0.805130526189698,-0.115854134117604
5292,5292,NA,0.346490683658764,0.593982653012746
3694,3694,NA,NA,-1.54553697213375
5822,5822,NA,-0.638560179180548,-0.170387368136003
5321,5321,NA,0.377138194948007,NA
6044,6044,-0.268185510941164,0.428885736145499,0.657103766019985
6045,6045,-0.0251920198642424,0.572302240821722,NA
5905,5905,NA,-0.0301851851656316,NA
6048,6048,-0.550526355966507,0.0128510147636502,NA
6050,6050,0.00587950661970282,NA,NA
5766,5766,NA,-0.561331103279229,NA
5453,5453,NA,-0.67394022814306,-1.79857378888822
5749,5749,NA,0.975790448635964,NA
6061,6061,NA,0.176138794471737,-0.647791107962069
6062,6062,-0.244025336908594,NA,NA
6065,6065,0.852245743439306,NA,NA
6066,6066,NA,3.30290141540067,NA
6067,6067,0.310222473713296,NA,NA
6068,6068,NA,0.0409576551690858,NA
6069,6069,-0.986736801512837,NA,NA
6136,6136,-0.00714595678928376,1.31849877474559,NA
6049,6049,-0.542540617381473,1.22422424571356,NA
6137,6137,0.00321725628174008,NA,NA
6138,6138,-1.11676089898087,NA,NA
6139,6139,-1.55054589709912,-0.689959377258253,NA
6140,6140,0.0896314390896637,NA,NA
6141,6141,0.722224463555296,NA,NA
6142,6142,-0.138859397246463,NA,NA
6143,6143,0.839765546858299,0.259556511634202,NA
6145,6145,0.509699678482992,NA,NA
6146,6146,-0.978125021929954,0.176648358420026,NA
6147,6147,0.408109281988732,NA,NA
6148,6148,0.809620347507435,NA,NA
6149,6149,-0.551009164618948,-0.933935296246478,NA
6150,6150,0.315502844695811,NA,NA
5624,5624,NA,-0.730555544066446,-0.209643473806413
6151,6151,-0.812224652298382,NA,NA
6152,6152,0.211123780323056,NA,0.294542308615043
6153,6153,0.645088977358551,NA,NA
6154,6154,-0.0646427157304448,NA,NA
5908,5908,NA,-0.781035464854833,NA
6047,6047,-0.768438101141856,0.0461654356668705,NA
6155,6155,-0.481962921424707,0.0225428706214856,-0.233934120453283
6156,6156,0.0993199191382406,NA,NA
6157,6157,0.381949006342096,NA,NA
6158,6158,-0.570319309930087,-0.98455139624504,-1.04293017459332
6159,6159,-0.511476358588684,NA,NA
6160,6160,0.0243314536478358,NA,NA
6161,6161,-0.234511340479758,-0.0280657398652346,NA
6162,6162,-0.588246893444904,NA,NA
6163,6163,-0.578719230681378,NA,NA
5764,5764,NA,-0.219270313713741,NA
6164,6164,-0.84843690340902,0.330407986426623,NA
6165,6165,0.502551530291539,NA,NA
6166,6166,-0.496287080868933,-0.52658304527271,NA
6167,6167,-0.317651052058647,-0.132034823200528,NA
6168,6168,-1.64251131112404,NA,NA
6169,6169,0.110342114044526,0.326338576360476,NA
6170,6170,-0.207979785035741,0.699087677778025,-0.899012625039695
6171,6171,-0.442327515967381,-0.357764874396516,NA
6172,6172,0.250262812099356,NA,NA
6173,6173,-1.1622716849934,NA,NA
6174,6174,-1.02355035267433,NA,NA
6175,6175,-0.475041858337316,0.201560087078731,NA
6063,6063,0.999168059294083,NA,NA
6176,6176,-0.749792887330332,NA,NA
6177,6177,-0.800667346655606,NA,NA
6178,6178,-1.01686230723151,NA,NA
6179,6179,-2.86689541048426,NA,NA
6180,6180,0.367307463715292,NA,NA
6181,6181,NA,-0.537275818050373,-0.113470807075688
6182,6182,-0.203748643654421,NA,NA
6183,6183,-1.12775568897992,NA,NA
6184,6184,-0.0595312786543953,NA,NA
6185,6185,-0.425799035219018,NA,-0.075863681071958
6186,6186,-0.0672331148949468,-0.095846728126098,-0.172470810235385
6039,6039,NA,-0.0820709164295526,NA
6188,6188,1.04630400261242,1.22134958774858,NA
5319,5319,NA,NA,0.341988871983084
6189,6189,0.0573438719275288,NA,NA
6190,6190,0.00705253282219687,NA,NA
6194,6194,0.0292758969548625,NA,NA
6196,6196,1.49449597671673,0.767170789494276,NA
6201,6201,-0.668538375953235,NA,NA
6209,6209,0.527398120969708,NA,NA
6210,6210,-0.243657696983917,0.29622740337124,-0.169511479248603
6211,6211,-0.110372903399432,0.620921694671126,-0.563358656477144
6212,6212,NA,0.501725377145304,NA
6213,6213,0.360801130912267,0.0744429876414792,NA
5779,5779,NA,-0.0122213575917414,0.0665367802505896
6214,6214,-0.78012692995677,-1.29668737449217,NA
6215,6215,0.42572747838987,-0.502967037576745,NA
5903,5903,NA,-0.40326836536568,NA
6217,6217,1.41585589334916,0.513162197881107,NA
6218,6218,0.279876148600328,NA,NA
6219,6219,0.380850166043715,NA,NA
6220,6220,-0.110104568363965,NA,NA
6222,6222,0.427752284394776,1.19196597746463,0.0306461875735877
6223,6223,0.703145982961765,NA,NA
6224,6224,0.520781683060163,NA,NA
6051,6051,NA,0.79646044856529,NA
6226,6226,NA,-0.548862341247792,NA
6227,6227,0.025275764252763,NA,NA
6228,6228,0.102402551639187,NA,NA
6261,6261,-0.208945345188289,-0.396276470404463,0.160335435527073
6245,6245,-0.204249331043245,NA,NA
6267,6267,0.170288949768981,NA,NA
6283,6283,-0.305332695942809,NA,NA
6309,6309,-0.108218087965064,0.268168633366781,NA
6310,6310,0.732040190569499,NA,NA
6268,6268,-0.483512980272192,NA,NA
6272,6272,0.163191362292586,-0.0275528093395017,NA
6230,6230,-0.316264053472832,0.0510975567516398,NA
6240,6240,-0.34251894972452,NA,NA
6281,6281,-1.33666361161167,NA,NA
6311,6311,0.0509585901456209,1.70846409129472,NA
6231,6231,-0.699795489958017,NA,NA
6312,6312,0.36768335641437,NA,NA
6249,6249,0.478737680722459,0.544985051858643,-0.1314699340417
5511,5511,NA,0.292779541325393,NA
6205,6205,-0.223847231325436,NA,NA
6199,6199,0.496898162632904,-0.296006163502998,NA
6273,6273,0.74962542680599,NA,NA
6313,6313,-0.299963280517961,-0.45146670866882,NA
6239,6239,-0.52951811030788,NA,NA
6282,6282,-1.15069323087439,NA,NA
6314,6314,-0.410215227593493,NA,NA
6233,6233,-0.122806772232213,NA,-0.220721398628844
6279,6279,-0.731289633742854,-3.05184603981478,NA
6229,6229,-0.0714448699842922,-0.392397339997764,NA
6300,6300,-0.373586124056826,NA,NA
6315,6315,-0.518657522858168,NA,NA
6276,6276,0.35062876851415,NA,NA
6274,6274,0.350820926336127,0.37298486460744,NA
6297,6297,-0.748499206584121,NA,NA
6187,6187,NA,0.253657553811628,NA
6370,6370,NA,0.612230970869893,NA
6372,6372,1.10972313977694,-0.598596596683247,NA
6373,6373,-0.0676461128103565,NA,NA
6375,6375,0.980983477326394,0.358038366109252,0.351664261773283
6377,6377,NA,0.631545770623304,NA
6379,6379,NA,-0.0385548079430755,NA
6382,6382,0.979195475911673,2.13528052285208,NA
6383,6383,-0.220575731214394,-0.97852835839949,NA
6384,6384,-0.0456539536654166,0.156225048876034,NA
5851,5851,NA,-0.74793728185325,NA
6385,6385,-1.04620621713874,-1.90449073487545,NA
6386,6386,0.258050067934009,NA,NA
6387,6387,-1.36244841887371,NA,NA
6546,6546,-2.03772803975296,-0.519561413958586,NA
6547,6547,-2.65234695908032,NA,NA
6549,6549,-1.17907789368637,NA,NA
6550,6550,-1.47963067244229,-1.2811486422504,NA
6551,6551,0.488182080029127,0.32354362334226,NA
6374,6374,0.264910756728746,1.58389465080202,NA
6552,6552,0.508816014549152,NA,NA
6553,6553,-1.73557265021744,NA,NA
6381,6381,-1.29242100004208,0.174471018013754,0.435164580645036
6554,6554,0.277627804009075,-0.064450620641126,0.122392440485668
6555,6555,-0.564736413844044,NA,NA
6556,6556,-1.3078665441095,-0.168302645726308,NA
6557,6557,-1.4518657674662,NA,NA
6221,6221,NA,1.1384465882667,0.131474712566664
6558,6558,-1.12997408773059,NA,0.910534922593451
6560,6560,-2.56191655961204,NA,NA
6562,6562,1.77751353347204,NA,NA
6564,6564,2.30843717582404,NA,NA
6565,6565,NA,-0.532369096663526,NA
6566,6566,NA,1.85449016936319,NA
6567,6567,0.687063257942119,-0.980126141095349,NA
6568,6568,-0.216857084200244,NA,-0.442011885450777
6569,6569,-0.903175708129888,NA,NA
6570,6570,0.719627447490325,0.108041851549164,NA
6571,6571,0.65713862958987,-0.290272190391963,NA
6572,6572,0.0511359685467578,0.990442719076725,0.329807533539974
6573,6573,0.89799875185312,NA,NA
6574,6574,-1.87215562618958,0.443495919850922,0.0229465348259121
6575,6575,0.661836028695436,NA,NA
6644,6644,-1.05207445512195,NA,-0.0557031157324559
6645,6645,-0.954556446286663,0.192641332605234,NA
6646,6646,-1.72876382197661,NA,NA
6647,6647,-0.776435367882097,NA,NA
6648,6648,NA,-0.751713466418466,NA
6649,6649,-0.696349786994777,NA,NA
6650,6650,0.076194958223585,-0.576627327411519,NA
5589,5589,NA,NA,0.680107714084826
6200,6200,NA,1.02140953235681,0.593248652554517
6388,6388,NA,0.176708900716251,NA
6651,6651,NA,0.0990579676405723,NA
6652,6652,NA,-0.252299076263743,-0.985749763878065
6653,6653,0.872374415988979,NA,0.580706433763858
6144,6144,NA,1.051798054697,0.822776393061397
6655,6655,0.659885069522076,NA,NA
6656,6656,0.980035169400868,-0.0391598416503545,NA
6657,6657,0.668462523842857,NA,NA
6658,6658,-0.177139866267855,NA,NA
6659,6659,NA,0.23204589072717,-0.700404457388203
6660,6660,NA,1.21897992447509,NA
6378,6378,NA,0.194800447756158,0.202046841565411
6667,6667,2.62850562483834,NA,NA
6669,6669,NA,0.489443123808255,NA
5452,5452,NA,NA,-0.716184027361175
6670,6670,0.835066572965314,1.73130938295377,1.40254355724226
6671,6671,1.37094876335708,NA,0.540939254559895
6672,6672,0.335728374220521,NA,NA
6673,6673,NA,1.96999690050052,NA
6193,6193,NA,0.0967151634392351,0.853487845230726
6688,6688,0.220963688101843,NA,NA
6689,6689,NA,0.6090267057963,NA
6690,6690,-0.133036224212969,0.261869447309487,NA
6691,6691,1.1796113366896,NA,NA
6692,6692,-0.193599230769095,0.58541333575651,NA
6693,6693,-0.120439064511769,0.198997533012125,NA
6694,6694,-0.348669401762626,0.172132297861722,NA
6695,6695,0.322526478188518,NA,NA
6696,6696,-0.386513824007917,NA,NA
6697,6697,1.78433564128307,0.238604798441063,NA
6698,6698,0.235412242840767,0.103656688900674,-1.500980281071
6700,6700,0.772367483725501,NA,NA
6701,6701,-0.197374042281341,NA,-0.00976391506259588
6702,6702,-0.15693626731581,NA,NA
6703,6703,-0.395274385402006,0.336581173432073,NA
6704,6704,-1.41083705185842,-0.749710121481192,-1.60634815063135
6705,6705,0.0397309135174275,NA,NA
6706,6706,-1.33963814604033,0.207425397624188,NA
6707,6707,-0.663568343726988,NA,-0.838977361710554
6708,6708,-2.43252665220583,-1.02091628537397,NA
6709,6709,0.465882955820178,1.08413275237936,NA
6710,6710,0.0279650834261034,-0.519148248283972,-0.359001535345075
6727,6727,NA,0.198305488864174,NA
6728,6728,-0.713225255011317,NA,NA
6729,6729,-0.216481039715685,NA,NA
6731,6731,-0.00443862265582595,0.283109118803712,NA
6732,6732,-1.36632514256774,0.507884733406897,NA
6735,6735,NA,0.794949259404035,0.535100939226748
6736,6736,-1.40718912267843,-0.483540517974077,NA
6668,6668,-0.230964463958589,-0.583559957856206,NA
6675,6675,NA,0.761669218052613,NA
6654,6654,NA,0.787937894256897,0.604338843798114
6737,6737,NA,1.10572039049631,-0.624899866691303
6740,6740,-0.749279182883109,NA,NA
6744,6744,0.163696142987831,NA,NA
6747,6747,0.406749089450194,0.874808565081516,NA
6752,6752,0.0977420270457046,0.586860171575387,1.65760891332352
6760,6760,NA,0.167924184186558,NA
6761,6761,NA,0.457704561057586,NA
6762,6762,NA,0.269609186451328,NA
6676,6676,NA,-0.564293815613619,0.86908561947438
6662,6662,NA,-0.249558027557602,NA
6773,6773,0.202445045537473,-0.137906740134749,NA
6783,6783,-0.190885828462871,NA,NA
6785,6785,0.324094852008209,0.392063001743903,-0.771628049849978
6788,6788,1.29040444831897,0.925854757956596,NA
6831,6831,0.24880369423302,-0.355259802177724,NA
6832,6832,1.12545806629965,NA,NA
6834,6834,0.410856672558715,NA,NA
6836,6836,0.0943939375153775,0.0446724304376058,NA
6677,6677,NA,0.00367083138247182,NA
6838,6838,0.409431095669355,0.602983529726442,0.107753897561092
6839,6839,0.199130826546293,NA,NA
6841,6841,-0.996971324974311,NA,NA
6757,6757,-1.08877904894281,NA,NA
6743,6743,1.10320625693219,NA,-0.6223338559215
6842,6842,-1.08967727114598,NA,NA
6843,6843,-0.29907929304689,0.624352667686271,NA
6844,6844,-0.068855606223897,0.113214062241578,NA
6772,6772,0.40195222898183,1.03546118030779,0.781827620285458
6191,6191,NA,-0.179567803209679,-0.464427849242215
6064,6064,NA,-0.387236822593604,-1.01775190083544
6741,6741,0.742362114932988,NA,NA
6022,6022,NA,NA,0.389350242191286
6846,6846,NA,0.255817922562005,NA
6847,6847,0.406865812050771,0.332528207585181,NA
6848,6848,-1.45695194702664,NA,NA
6748,6748,0.263124761945729,NA,NA
6849,6849,-0.744287700127083,NA,NA
6786,6786,-0.382587043729613,NA,NA
6778,6778,-0.369236208503075,NA,NA
6852,6852,-0.514688911632277,NA,NA
6853,6853,0.323812432140448,NA,NA
6195,6195,NA,-0.468585622510373,-1.42622276467529
6771,6771,-0.811082109321568,NA,NA
6765,6765,-0.454613656818166,0.172427041707396,-0.143591001727675
6857,6857,-0.170745688600642,0.383835050394968,-0.322969816665694
6859,6859,-1.23683600139022,-0.465828990547571,NA
6860,6860,-1.11574915030077,0.66249539228361,0.258306618294831
6861,6861,-0.105274905871351,NA,NA
6862,6862,0.188000961706633,NA,-1.83481451332694
6742,6742,0.6611804450392,NA,NA
6563,6563,NA,0.27056683101663,NA
6864,6864,0.436212683827446,0.510996715919967,NA
6866,6866,-1.03424600904776,NA,NA
6867,6867,0.412799503708291,NA,NA
6868,6868,-0.193484395189284,-0.49944274930521,NA
6869,6869,0.434530036397492,NA,NA
6870,6870,0.212584192774435,0.815776010568042,-0.092227265224107
6871,6871,-0.373244169989428,NA,NA
6851,6851,-0.64126776031917,NA,NA
6854,6854,0.148327016950315,NA,0.818074051846647
6739,6739,0.100333826573282,0.053806830976356,NA
6872,6872,-0.653910484050938,NA,NA
6873,6873,0.448000261383976,-0.659633535489093,NA
6874,6874,1.15650969740389,NA,NA
6875,6875,-0.633797505329737,NA,-0.892280188321992
6876,6876,0.58597116945992,NA,NA
6856,6856,0.602041563132328,NA,NA
6774,6774,NA,-0.0836556514387183,NA
6881,6881,-0.0626047493932091,-0.442234304217546,0.423059566995624
6754,6754,NA,0.636381867363195,0.388214150836101
6884,6884,-0.756715192315465,-1.11748087244195,NA
6887,6887,0.257484995700299,0.157885443655125,NA
6888,6888,-0.411733884498307,NA,NA
6889,6889,-0.126471586379658,0.392541018632398,NA
6892,6892,0.500516083219114,0.555140186252325,0.613412206725314
6894,6894,-0.00393497919562247,NA,NA
6767,6767,-0.468676844154093,NA,NA
6895,6895,-0.634342308015217,0.238902049378781,NA
6840,6840,0.9084587428348,1.23938974627291,NA
6733,6733,NA,-0.0391107430905766,0.187751751782296
6897,6897,0.242264341924282,NA,NA
6548,6548,NA,0.188294258099259,NA
6699,6699,NA,-0.418057381957238,-2.19792494288722
6776,6776,NA,0.153056874022576,NA
6863,6863,-0.738231942957614,NA,NA
6755,6755,NA,0.743576626111052,NA
6900,6900,-1.1053935678096,0.719958929433561,NA
6902,6902,0.218717678207881,NA,NA
6904,6904,1.03794549965717,NA,NA
6906,6906,-0.308439239066912,0.021685068057625,-0.537116527860032
6908,6908,-1.78253394691324,NA,NA
6879,6879,-0.469709089979387,NA,-0.418074252312351
6909,6909,-0.402520241792979,-0.152318419825622,NA
6914,6914,-0.776894079717572,1.29346222777886,0.972505749665322
6917,6917,NA,0.11262946282903,NA
6835,6835,0.801623399575297,0.335417782368562,0.721620092458343
6925,6925,0.403380069840521,NA,1.38782466031262
7068,7068,-0.240612085566552,-0.263424345239581,NA
7069,7069,0.268142507916298,0.976301402265825,NA
7071,7071,-0.276508630680702,0.210462170536971,NA
7072,7072,-0.265475565360129,-0.431269130436785,NA
7073,7073,-0.517357371603291,NA,-1.27122430396031
7074,7074,0.136805118052234,NA,NA
6782,6782,NA,-1.20189425319094,NA
6781,6781,NA,0.0708805290275798,NA
6920,6920,-1.25408547348287,0.110160998506518,NA
6886,6886,1.00260735033421,0.792923450379377,NA
6777,6777,NA,0.692810159231668,NA
6921,6921,-1.0921802347497,NA,-0.462602480493513
6764,6764,NA,0.00487473429705432,NA
6865,6865,-0.229039752722745,-0.137126110231442,NA
6758,6758,NA,0.540559312846264,NA
6780,6780,NA,-0.136599860009989,NA
6896,6896,-0.317445725601143,NA,NA
7075,7075,0.244091135363858,0.0278321077654855,NA
7077,7077,0.412458818667735,NA,NA
7078,7078,-0.281747202575646,NA,NA
7079,7079,-0.821062176956557,-0.589604941405276,NA
7080,7080,0.672685182300096,NA,NA
7081,7081,-1.04384360278172,-1.22824745735526,NA
7082,7082,-0.828531167799829,NA,NA
7083,7083,-0.528029597791992,NA,NA
7084,7084,-0.290838667393954,1.04697960525959,NA
7086,7086,-0.262087252948589,NA,NA
7088,7088,-0.0481786319705595,NA,NA
7089,7089,-0.677162746258869,NA,NA
7090,7090,-0.128701422066927,NA,NA
7091,7091,4.09055178002818,-0.0628954742439909,NA
7093,7093,-0.886624286239263,0.199970062519306,NA
7094,7094,-0.201206601539024,NA,NA
6877,6877,-0.476864875391026,NA,NA
7096,7096,-0.876643868545955,-0.367498130026562,0.635275075914235
7097,7097,-0.0278103187621497,NA,NA
7099,7099,-0.214539890612221,-0.453433949058033,NA
6766,6766,NA,-0.0262133691440187,-0.793187223132362
7100,7100,NA,-0.414189723545704,NA
6294,6294,NA,-0.431900913634692,-0.450743311590615
6759,6759,NA,0.53483750560337,-0.285812994346713
7101,7101,NA,0.112401486515688,NA
7102,7102,-0.546175990501572,-0.597637315687323,NA
7103,7103,-0.0549259801999025,NA,NA
6745,6745,NA,0.500374065998997,0.163525410423134
6901,6901,NA,0.675347375483828,NA
6910,6910,NA,1.51831822478666,0.0612843570137329
6924,6924,NA,0.393670931342982,NA
7104,7104,NA,0.622481064126053,NA
6919,6919,NA,0.367831077793921,-0.259725629076001
7112,7112,-0.765644928851248,NA,NA
7108,7108,-1.05340229697779,NA,NA
7113,7113,0.635179227130386,0.437865965090447,0.529199718022509
7114,7114,0.283898546605755,NA,NA
7115,7115,-0.743456261604186,0.839184297090282,NA
7116,7116,-0.67930063555931,NA,0.161610448474939
7117,7117,-0.350629767062548,-0.44342717759895,NA
7118,7118,-0.0220855501426698,3.10913113608199,NA
7119,7119,0.502500518211583,NA,NA
7120,7120,-0.75597216741402,0.217549393848051,NA
7121,7121,-0.426693720473638,NA,NA
7122,7122,0.346789345356203,-0.125473017984953,NA
7123,7123,-0.0596156010679856,-0.190355477086638,-0.59725733143053
6753,6753,NA,-0.805795110844986,NA
7124,7124,-1.00616157544932,NA,NA
7125,7125,-0.800682282895435,NA,NA
7127,7127,0.10769827408131,-0.199571738063689,NA
7128,7128,0.273019212286489,NA,NA
7129,7129,0.202033443430022,NA,NA
7130,7130,-0.282658938233377,NA,NA
7131,7131,1.16688314856104,NA,NA
7132,7132,-0.234623643931045,-0.12615786572532,NA
7133,7133,0.681785742852881,NA,NA
6845,6845,NA,0.791173319862237,NA
6926,6926,NA,0.658961750459717,NA
7135,7135,-0.833144434656104,-0.453471342191905,NA
7136,7136,-0.509309342876559,0.543088701004038,NA
7137,7137,0.166788271074459,0.706197848393424,NA
7138,7138,-0.763086327796959,NA,NA
7139,7139,0.444042397471478,0.130412452814618,NA
7141,7141,-1.1977366515179,NA,NA
7142,7142,-1.62978837896082,-0.24584012672764,NA
7143,7143,-0.581154056563955,NA,NA
7144,7144,-0.943956828495791,-0.840136721701198,NA
7145,7145,-0.344419217256455,0.27281066332727,NA
7146,7146,NA,-0.297584969678921,NA
7147,7147,-0.867982743232666,NA,NA
7148,7148,-2.07704223630797,-0.0846956837941497,NA
7149,7149,-0.279330422878998,NA,NA
7150,7150,-1.12458067778984,NA,NA
7151,7151,-0.94199445585221,0.496610465898272,NA
7152,7152,NA,0.788689065846703,NA
6665,6665,NA,-1.50601463317372,-0.826960189000555
7155,7155,-0.858016191618063,NA,NA
7156,7156,-1.33449218063577,-0.289024476426221,NA
7157,7157,-0.755140300015352,-0.149938428944047,NA
7158,7158,-1.62107857886206,-1.40040973342805,NA
7159,7159,0.354208631992837,0.309052168034927,NA
7161,7161,-0.370659217995922,-0.954649159442008,NA
7162,7162,0.700922569868528,NA,NA
7164,7164,-0.00363443306050648,1.41764233547869,NA
7105,7105,NA,0.365398923751649,0.51716503543916
7165,7165,-0.409082910576201,-0.0232768015561726,NA
7166,7166,-0.46409404895671,NA,NA
7167,7167,0.627964241913138,NA,NA
7168,7168,0.230832836112308,NA,NA
7170,7170,NA,0.131550991402984,NA
7171,7171,0.610009033093882,0.0689508204145781,NA
7172,7172,-2.06892334726167,NA,NA
7173,7173,-0.139379741271185,0.678362409379055,NA
7107,7107,NA,-0.204070186347735,NA
7174,7174,NA,-1.23455885343448,NA
7175,7175,NA,1.00328608806693,NA
7177,7177,NA,0.572255765933484,NA
7179,7179,0.710715552956521,0.654011228034459,NA
7181,7181,NA,-0.395783044333319,NA
7182,7182,NA,-0.0132979237460192,NA
7183,7183,NA,-1.39687633387199,NA
7184,7184,NA,2.35813074490929,NA
7185,7185,0.722891224956973,0.360845785681831,NA
7187,7187,NA,-0.517151274589704,NA
7134,7134,NA,0.32756036852065,NA
6882,6882,NA,-0.756170316888649,NA
7153,7153,-0.60552502061266,-0.242155371994645,NA
7106,7106,NA,0.0535575025191122,-1.42129666482895
6912,6912,NA,-0.273959412970749,NA
7189,7189,0.480678866702341,0.162650264523904,NA
7190,7190,NA,0.145824730779385,NA
7070,7070,NA,0.83905599185708,NA
7200,7200,-0.159335003446666,0.344164734006354,NA
7201,7201,1.04237707955877,NA,NA
7204,7204,-0.9429476523314,-0.517089269856187,NA
7206,7206,0.678614140118883,0.875388354598471,NA
7213,7213,NA,-0.754892141824435,NA
7214,7214,NA,-0.496921484798246,NA
7207,7207,0.0167226923347084,0.458389462888018,NA
7154,7154,-0.933695609225127,-0.597504443099877,NA
6738,6738,NA,-0.237520715865651,-0.35452669578051
7218,7218,0.794262754815483,NA,NA
7219,7219,-0.876114344339076,0.731282696686485,NA
7220,7220,-0.0582601059956076,NA,NA
7212,7212,0.564894772017944,NA,NA
7221,7221,0.0638499023140335,-1.20737192524681,NA
7222,7222,NA,-0.191525601039482,NA
7223,7223,1.1210068168183,NA,NA
7224,7224,0.155937988388255,NA,NA
7225,7225,-0.449599995897041,-0.110965681131126,NA
7226,7226,-0.382023271214704,0.942933554543222,NA
7227,7227,NA,0.263868830653557,NA
7194,7194,0.113441662678513,NA,NA
7233,7233,-0.4852576031543,NA,NA
7234,7234,-0.741181568650905,NA,NA
7235,7235,-0.60080912261229,-0.0422478304373826,NA
7236,7236,0.936394488347187,NA,NA
7237,7237,-1.03263766410077,NA,NA
7238,7238,-0.318221674319837,-0.200312046446208,NA
7239,7239,0.193907708040506,NA,NA
7242,7242,-0.812699725018257,NA,NA
7243,7243,1.04795245251653,NA,NA
7193,7193,-0.00845804408486472,0.427621284843855,NA
6746,6746,NA,0.36252408483637,NA
6918,6918,NA,0.195658298166709,NA
7228,7228,0.757634683057089,NA,NA
7229,7229,0.375364415810459,0.824313351286611,NA
7196,7196,-0.112688107449175,NA,NA
7244,7244,-0.0490707676692868,-0.429862913663422,NA
7246,7246,-0.538494551934141,0.126724752918484,NA
7247,7247,-1.02461053221644,-0.330218657929129,NA
7248,7248,-0.469996453013762,NA,NA
7249,7249,-0.078984255090532,0.555555913812821,NA
7176,7176,NA,0.229376051637223,NA
7178,7178,0.171751727246624,-0.459875977420363,NA
7230,7230,NA,-0.12586838711275,NA
7169,7169,NA,0.564877688421184,NA
7109,7109,NA,-0.31292340980721,NA
7662,7662,-0.0553240427348456,-0.33660008670897,NA
7663,7663,0.307290334254231,0.102986283631958,NA
7868,7868,-0.746574431246104,NA,NA
7728,7728,0.276338687107526,NA,NA
7869,7869,0.141000853965348,NA,NA
7870,7870,0.535255145449046,NA,NA
7871,7871,-0.244683535228132,-1.24499437292206,NA
7872,7872,-1.31029183584412,NA,NA
7873,7873,0.144130375972372,NA,NA
7874,7874,0.53140234015174,-2.38551584733415,NA
7732,7732,-0.640417218957831,NA,NA
7163,7163,NA,0.238278841861964,NA
7270,7270,NA,-0.84974076674802,NA
7726,7726,0.346865968856537,NA,NA
7875,7875,0.0125799791722354,NA,NA
7877,7877,-0.0899850075282025,0.307630934327898,NA
7879,7879,0.0101912715306467,NA,NA
7880,7880,-0.0577430224961244,NA,NA
7881,7881,-0.932445250367017,NA,NA
6850,6850,NA,NA,0.0564884867720892
7265,7265,NA,0.701611088249471,NA
7735,7735,-0.29967464042503,0.0443127400741847,NA
7882,7882,-0.116207563853116,NA,NA
7883,7883,-0.186443816598624,NA,NA
7884,7884,-0.310369497288106,NA,NA
7886,7886,-0.614582091621138,NA,NA
7887,7887,0.0989696692028161,NA,NA
7888,7888,-1.3304674047924,NA,NA
7889,7889,0.0280265825586383,NA,NA
7890,7890,0.462726068700285,NA,NA
7891,7891,-0.593688013835276,NA,NA
7718,7718,0.395493861685516,0.502287179334505,NA
7843,7843,-0.147352763847575,NA,NA
7892,7892,0.602764599877137,NA,NA
7893,7893,-0.426121819846541,1.13323213466594,NA
7894,7894,-1.07791965036652,NA,NA
7895,7895,-0.921926042959862,NA,NA
7896,7896,-0.349203955288873,-0.645840773364608,NA
7898,7898,-2.38302037132665,NA,NA
7269,7269,-0.897391844320103,-0.152770548729071,NA
7867,7867,-0.533114460308576,NA,NA
7712,7712,-0.380007842686773,0.756562152924293,NA
7262,7262,NA,1.72403144888766,NA
7250,7250,NA,-0.67452494689182,NA
7251,7251,NA,-0.30618259885988,NA
7252,7252,-0.729371843523168,NA,NA
7253,7253,-0.808959109260959,0.427624347186311,NA
7232,7232,-0.710368703002265,-1.1775081676589,NA
7209,7209,-0.26339036152109,0.544889737992863,NA
6769,6769,NA,NA,-0.895553439340778
7256,7256,NA,-0.55871942254484,NA
7258,7258,-0.964736576680338,NA,NA
7261,7261,0.387838143347796,1.46290150784964,NA
7263,7263,1.10429737530376,-0.216001812463883,NA
7264,7264,-1.46862021094533,NA,NA
6923,6923,NA,0.939911865592268,NA
7076,7076,NA,0.0969414039412069,NA
7267,7267,0.00795867215799007,0.858907999758664,NA
7268,7268,-1.39700562560237,NA,NA
7111,7111,NA,1.15369987525645,NA
7272,7272,0.268049111060433,0.0322153581495961,NA
7273,7273,0.322361371796164,NA,NA
7215,7215,NA,-1.16484041166289,NA
7664,7664,-0.0164726105141462,NA,NA
7231,7231,NA,-0.0467965115477327,NA
7665,7665,-0.520574707046671,NA,NA
7666,7666,0.474766301664763,NA,NA
7667,7667,-0.29339972491432,NA,NA
7669,7669,-0.78924110698237,NA,NA
7198,7198,NA,0.155531564439856,NA
7670,7670,NA,-0.105390708334374,NA
7673,7673,NA,0.641729020092161,NA
7674,7674,-0.706250499379323,NA,NA
7672,7672,NA,-0.847865476252341,NA
7675,7675,NA,0.582898145310225,NA
7713,7713,-1.25211711857907,NA,NA
7714,7714,-1.07014147450521,NA,NA
7715,7715,-0.67833711087828,NA,NA
7716,7716,0.123427113541565,0.211617376877609,NA
7717,7717,0.458964364710555,NA,NA
7720,7720,NA,1.19598210444808,NA
7721,7721,NA,1.17909286139245,NA
7722,7722,0.78461738026229,-2.32498962161929,NA
7724,7724,-0.286435598361402,NA,NA
7257,7257,NA,0.232001189326548,NA
7731,7731,0.255732600595833,NA,NA
7733,7733,-0.499657665074226,NA,NA
7736,7736,NA,0.614176319703061,NA
7738,7738,0.903458515638791,NA,NA
7739,7739,0.0659546410736951,NA,NA
7740,7740,NA,-0.710120239749543,NA
7844,7844,0.539500653992189,NA,NA
7210,7210,NA,0.914326187373286,NA
7864,7864,0.695472970255669,NA,NA
7865,7865,0.0118601295557177,NA,NA
7866,7866,0.154810541194745,NA,NA
7901,7901,-1.02265531730968,NA,NA
7260,7260,NA,-0.273113295218911,NA
7903,7903,-0.309437418398408,NA,NA
7905,7905,-0.619594018365369,NA,NA
7737,7737,NA,-1.15331506719025,NA
7906,7906,0.110022381277931,NA,NA
7907,7907,1.88743529670425,NA,NA
7897,7897,0.370931867325535,NA,NA
7911,7911,0.700060231127491,NA,NA
7912,7912,1.02639585396456,NA,NA
